name,pos,dg,aligned_seq,act_seq,act_ss,insertions,mutations,deletions,has_ins,has_dels,has_muts,has_bp_muts,bp_mut_1,bp_mut_2,bp_mut_3,mut_1,ins_1,dels_1,mut_2,ins_2,dels_2,mut_3,ins_3,dels_3,mut_4,ins_4,dels_4,mut_5,ins_5,dels_5,mut_6,ins_6,dels_6,mut_7,ins_7,dels_7,mut_8,ins_8,dels_8,mut_9,ins_9,dels_9,mut_10,ins_10,dels_10,mut_11,ins_11,dels_11
CAUGG_CCUAAA,1,-11.77,CCUAAACAUGG,ACAUGG&CCUAAAU,(...((&))....),[],"[6, 7]",[],0,0,1,1,,,AC,,,,,,,,,,,,,,,,A,,,C,,,,,,,,,,,,,,
CAUGA_UCUAAA,2,-11.5,UCUAAACAUGA,ACAUGA&UCUAAAU,(...((&))....),[],"[1, 6, 7, 11]",[],0,0,1,1,UA,,AC,U,,,,,,,,,,,,,,,A,,,C,,,,,,,,,,,,A,,
CACGG_CCUAAC,3,-11.44,CCUAACCACGG,ACACGG&CCUAACU,(...((&))....),[],"[6, 7, 9]",[],0,0,1,1,,,CC,,,,,,,,,,,,,,,,C,,,C,,,,,,C,,,,,,,,
CAUGG_CCUAAC,4,-11.39,CCUAACCAUGG,ACAUGG&CCUAACU,(...((&))....),[],"[6, 7]",[],0,0,1,1,,,CC,,,,,,,,,,,,,,,,C,,,C,,,,,,,,,,,,,,
CAUGC_GCUAAA,5,-11.39,GCUAAACAUGC,ACAUGC&GCUAAAU,(...((&))....),[],"[1, 6, 7, 11]",[],0,0,1,1,GC,,AC,G,,,,,,,,,,,,,,,A,,,C,,,,,,,,,,,,C,,
CACGG_CCUAAA,6,-11.38,CCUAAACACGG,ACACGG&CCUAAAU,(...((&))....),[],"[6, 7, 9]",[],0,0,1,1,,,AC,,,,,,,,,,,,,,,,A,,,C,,,,,,C,,,,,,,,
CAUGG_CCUACA,7,-11.31,CCUACACAUGG,ACAUGG&CCUACAU,(...((&))....),[],"[5, 6, 7]",[],0,0,1,1,,,AC,,,,,,,,,,,,,C,,,A,,,C,,,,,,,,,,,,,,
GACGG_CCUAAG,8,-11.3,CCUAAGGACGG,AGACGG&CCUAAGU,(...((&))....),[],"[7, 9]",[],0,0,1,1,,,GG,,,,,,,,,,,,,,,,,,,G,,,,,,C,,,,,,,,
CACGG_CCUACC,9,-11.3,CCUACCCACGG,ACACGG&CCUACCU,(...((&))....),[],"[5, 6, 7, 9]",[],0,0,1,1,,,CC,,,,,,,,,,,,,C,,,C,,,C,,,,,,C,,,,,,,,
AACGG_CCUGCC,10,-11.29,CCUGCCAACGG,AAACGG&CCUGCCU,(...((&))....),[],"[4, 5, 6, 7, 9]",[],0,0,1,1,,,CA,,,,,,,,,,G,,,C,,,C,,,A,,,,,,C,,,,,,,,
UAUGG_CCUAAC,11,-11.26,CCUAACUAUGG,AUAUGG&CCUAACU,(...((&))....),[],[6],[],0,0,1,1,,,CU,,,,,,,,,,,,,,,,C,,,,,,,,,,,,,,,,,
CAAGG_CCUAAA,12,-11.19,CCUAAACAAGG,ACAAGG&CCUAAAU,(..(((&)))...),[],"[6, 7, 9]",[],0,0,1,1,,,AC,,,,,,,,,,,,,,,,A,,,C,,,,,,A,,,,,,,,
UAUGG_CCUAAAG,13,-11.13,CCUAAGUAUGG,AUAUGG&CCUAAAGU,((..((&))....)),['6A'],[],[],1,0,0,0,,,,,,,,,,,,,,,,,,,,A,,,,,,,,,,,,,,,,
CACGC_GCUAAA,14,-11.08,GCUAAACACGC,ACACGC&GCUAAAU,(...((&))....),[],"[1, 6, 7, 9, 11]",[],0,0,1,1,GC,,AC,G,,,,,,,,,,,,,,,A,,,C,,,,,,C,,,,,,C,,
CAUGG_CCUACC,15,-11.05,CCUACCCAUGG,ACAUGG&CCUACCU,(...((&))....),[],"[5, 6, 7]",[],0,0,1,1,,,CC,,,,,,,,,,,,,C,,,C,,,C,,,,,,,,,,,,,,
CAGGG_CCUAAA,16,-10.88,CCUAAACAGGG,ACAGGG&CCUAAAU,(..(((&)))...),[],"[6, 7, 9]",[],0,0,1,1,,,AC,,,,,,,,,,,,,,,,A,,,C,,,,,,G,,,,,,,,
CACGG_CCUACA,17,-10.85,CCUACACACGG,ACACGG&CCUACAU,(...((&))....),[],"[5, 6, 7, 9]",[],0,0,1,1,,,AC,,,,,,,,,,,,,C,,,A,,,C,,,,,,C,,,,,,,,
CAUGC_GCUACA,18,-10.8,GCUACACAUGC,ACAUGC&GCUACAU,(...((&))....),[],"[1, 5, 6, 7, 11]",[],0,0,1,1,GC,,AC,G,,,,,,,,,,,,C,,,A,,,C,,,,,,,,,,,,C,,
CAGGG_CCUACC,19,-10.75,CCUACCCAGGG,ACAGGG&CCUACCU,(..(((&)))...),[],"[5, 6, 7, 9]",[],0,0,1,1,,,CC,,,,,,,,,,,,,C,,,C,,,C,,,,,,G,,,,,,,,
CAUGU_ACUAAA,20,-10.73,ACUAAACAUGU,ACAUGU&ACUAAAU,(...((&))....),[],"[1, 6, 7, 11]",[],0,0,1,1,AU,,AC,A,,,,,,,,,,,,,,,A,,,C,,,,,,,,,,,,U,,
UACGG_CCUAAG,21,-10.72,CCUAAGUACGG,AUACGG&CCUAAGU,((..((&))...)),[],[9],[],0,0,1,0,,,,,,,,,,,,,,,,,,,,,,,,,,,,C,,,,,,,,
UACGG_CCUACG,22,-10.71,CCUACGUACGG,AUACGG&CCUACGU,((..((&))...)),[],"[5, 9]",[],0,0,1,0,,,,,,,,,,,,,,,,C,,,,,,,,,,,,C,,,,,,,,
UACGG_CCUAAC,23,-10.69,CCUAACUACGG,AUACGG&CCUAACU,(...((&))....),[],"[6, 9]",[],0,0,1,1,,,CU,,,,,,,,,,,,,,,,C,,,,,,,,,C,,,,,,,,
CAAGG_CCUAAC,24,-10.68,CCUAACCAAGG,ACAAGG&CCUAACU,(..(((&)))...),[],"[6, 7, 9]",[],0,0,1,1,,,CC,,,,,,,,,,,,,,,,C,,,C,,,,,,A,,,,,,,,
CAGGG_CCUAAC,25,-10.61,CCUAACCAGGG,ACAGGG&CCUAACU,(..(((&)))...),[],"[6, 7, 9]",[],0,0,1,1,,,CC,,,,,,,,,,,,,,,,C,,,C,,,,,,G,,,,,,,,
CAAGG_CCUACC,26,-10.59,CCUACCCAAGG,ACAAGG&CCUACCU,(..(((&)))...),[],"[5, 6, 7, 9]",[],0,0,1,1,,,CC,,,,,,,,,,,,,C,,,C,,,C,,,,,,A,,,,,,,,
UACGG_CCUAAA,27,-10.59,CCUAAAUACGG,AUACGG&CCUAAAU,((..((&))...)),[],"[6, 9]",[],0,0,1,1,,,AU,,,,,,,,,,,,,,,,A,,,,,,,,,C,,,,,,,,
AAUGG_CCUUCC,28,-10.59,CCUUCCAAUGG,AAAUGG&CCUUCCU,(...((&))....),[],"[4, 5, 6, 7]",[],0,0,1,1,,,CA,,,,,,,,,,U,,,C,,,C,,,A,,,,,,,,,,,,,,
CAGGG_CCUACA,29,-10.58,CCUACACAGGG,ACAGGG&CCUACAU,(..(((&)))...),[],"[5, 6, 7, 9]",[],0,0,1,1,,,AC,,,,,,,,,,,,,C,,,A,,,C,,,,,,G,,,,,,,,
AAUGG_CCUAAA,30,-10.53,CCUAAAAAUGG,AAAUGG&CCUAAAU,(...((&))....),[],"[6, 7]",[],0,0,1,1,,,AA,,,,,,,,,,,,,,,,A,,,A,,,,,,,,,,,,,,
CAAGC_GCUAAA,31,-10.53,GCUAAACAAGC,ACAAGC&GCUAAAU,(..(((&)))...),[],"[1, 6, 7, 9, 11]",[],0,0,1,1,GC,,AC,G,,,,,,,,,,,,,,,A,,,C,,,,,,A,,,,,,C,,
AAUGG_CCUAAC,32,-10.49,CCUAACAAUGG,AAAUGG&CCUAACU,(...((&))....),[],"[6, 7]",[],0,0,1,1,,,CA,,,,,,,,,,,,,,,,C,,,A,,,,,,,,,,,,,,
CAUGG_CCUUCC,33,-10.48,CCUUCCCAUGG,ACAUGG&CCUUCCU,(...((&))....),[],"[4, 5, 6, 7]",[],0,0,1,1,,,CC,,,,,,,,,,U,,,C,,,C,,,C,,,,,,,,,,,,,,
CAGGC_GCUAAA,34,-10.44,GCUAAACAGGC,ACAGGC&GCUAAAU,(..(((&)))...),[],"[1, 6, 7, 9, 11]",[],0,0,1,1,GC,,AC,G,,,,,,,,,,,,,,,A,,,C,,,,,,G,,,,,,C,,
GAUGG_CCUAAA,35,-10.42,CCUAAAGAUGG,AGAUGG&CCUAAAU,(...((&))....),[],"[6, 7]",[],0,0,1,1,,,AG,,,,,,,,,,,,,,,,A,,,G,,,,,,,,,,,,,,
UAUGG_CCUACC,36,-10.39,CCUACCUAUGG,AUAUGG&CCUACCU,(...((&))....),[],"[5, 6]",[],0,0,1,1,,,CU,,,,,,,,,,,,,C,,,C,,,,,,,,,,,,,,,,,
UACGG_CCUACC,37,-10.39,CCUACCUACGG,AUACGG&CCUACCU,(...((&))....),[],"[5, 6, 9]",[],0,0,1,1,,,CU,,,,,,,,,,,,,C,,,C,,,,,,,,,C,,,,,,,,
UACGC_GCUACG,38,-10.38,GCUACGUACGC,AUACGC&GCUACGU,((..((&))...)),[],"[1, 5, 9, 11]",[],0,0,1,1,GC,,,G,,,,,,,,,,,,C,,,,,,,,,,,,C,,,,,,C,,
CAUGG_CCUUAA,39,-10.37,CCUUAACAUGG,ACAUGG&CCUUAAU,(...((&))....),[],"[4, 6, 7]",[],0,0,1,1,,,AC,,,,,,,,,,U,,,,,,A,,,C,,,,,,,,,,,,,,
UAUGG_UCUAAC,40,-10.34,UCUAACUAUGG,AUAUGG&UCUAACU,(...((&))....),[],"[1, 6]",[],0,0,1,1,UG,,CU,U,,,,,,,,,,,,,,,C,,,,,,,,,,,,,,,,,
UACGC_GCUAAG,41,-10.32,GCUAAGUACGC,AUACGC&GCUAAGU,((..((&))...)),[],"[1, 9, 11]",[],0,0,1,1,GC,,,G,,,,,,,,,,,,,,,,,,,,,,,,C,,,,,,C,,
UACGA_UCUAAG,42,-10.31,UCUAAGUACGA,AUACGA&UCUAAGU,((..((&))...)),[],"[1, 9, 11]",[],0,0,1,1,UA,,,U,,,,,,,,,,,,,,,,,,,,,,,,C,,,,,,A,,
GAUGG_CCUAAAG,43,-10.29,CCUAAGGAUGG,AGAUGG&CCUAAAGU,(...((&)).....),['6A'],[7],[],1,0,1,1,,,GG,,,,,,,,,,,,,,,,,A,,G,,,,,,,,,,,,,,
CAUGU_ACUAAC,44,-10.29,ACUAACCAUGU,ACAUGU&ACUAACU,(...((&))....),[],"[1, 6, 7, 11]",[],0,0,1,1,AU,,CC,A,,,,,,,,,,,,,,,C,,,C,,,,,,,,,,,,U,,
AAGGG_CCUGCC,45,-10.28,CCUGCCAAGGG,AAAGGG&CCUGCCU,(..(((&)))...),[],"[4, 5, 6, 7, 9]",[],0,0,1,1,,,CA,,,,,,,,,,G,,,C,,,C,,,A,,,,,,G,,,,,,,,
UACGA_UCUACG,46,-10.28,UCUACGUACGA,AUACGA&UCUACGU,((..((&))...)),[],"[1, 5, 9, 11]",[],0,0,1,1,UA,,,U,,,,,,,,,,,,C,,,,,,,,,,,,C,,,,,,A,,
UACGG_CCUACA,47,-10.27,CCUACAUACGG,AUACGG&CCUACAU,((..((&))...)),[],"[5, 6, 9]",[],0,0,1,1,,,AU,,,,,,,,,,,,,C,,,A,,,,,,,,,C,,,,,,,,
UAGGG_CCUACC,48,-10.25,CCUACCUAGGG,AUAGGG&CCUACCU,(..(((&)))...),[],"[5, 6, 9]",[],0,0,1,1,,,CU,,,,,,,,,,,,,C,,,C,,,,,,,,,G,,,,,,,,
CACGG_CCUUCC,49,-10.24,CCUUCCCACGG,ACACGG&CCUUCCU,(...((&))....),[],"[4, 5, 6, 7, 9]",[],0,0,1,1,,,CC,,,,,,,,,,U,,,C,,,C,,,C,,,,,,C,,,,,,,,
AACGG_CCUAAC,50,-10.22,CCUAACAACGG,AAACGG&CCUAACU,(...((&))....),[],"[6, 7, 9]",[],0,0,1,1,,,CA,,,,,,,,,,,,,,,,C,,,A,,,,,,C,,,,,,,,
AAUGG_CCUACC,51,-10.17,CCUACCAAUGG,AAAUGG&CCUACCU,(...((&))....),[],"[5, 6, 7]",[],0,0,1,1,,,CA,,,,,,,,,,,,,C,,,C,,,A,,,,,,,,,,,,,,
UAUGG_CCUAAAC,52,-10.15,CCUAAAUAUGG,AUAUGG&CCUAAACU,(...((&)).....),['7C'],[6],[],1,0,1,1,,,AU,,,,,,,,,,,,,,,,A,,,,C,,,,,,,,,,,,,
AAUGG_CCUGAC,53,-10.15,CCUGACAAUGG,AAAUGG&CCUGACU,(...((&))....),[],"[4, 6, 7]",[],0,0,1,1,,,CA,,,,,,,,,,G,,,,,,C,,,A,,,,,,,,,,,,,,
UACGG_CCUAAU,54,-10.14,CCUAAUUACGG,AUACGG&CCUAAUU,(...((&))....),[],"[6, 9]",[],0,0,1,1,,,UU,,,,,,,,,,,,,,,,U,,,,,,,,,C,,,,,,,,
UACGG_CCUACU,55,-10.13,CCUACUUACGG,AUACGG&CCUACUU,(...((&))....),[],"[5, 6, 9]",[],0,0,1,1,,,UU,,,,,,,,,,,,,C,,,U,,,,,,,,,C,,,,,,,,
UACGG_UCUACG,56,-10.07,UCUACGUACGG,AUACGG&UCUACGU,((..((&))...)),[],"[1, 5, 9]",[],0,0,1,1,UG,,,U,,,,,,,,,,,,C,,,,,,,,,,,,C,,,,,,,,
CAUGG_CCUGCC,57,-10.05,CCUGCCCAUGG,ACAUGG&CCUGCCU,(...((&))....),[],"[4, 5, 6, 7]",[],0,0,1,1,,,CC,,,,,,,,,,G,,,C,,,C,,,C,,,,,,,,,,,,,,
AAAGG_CCUGCC,58,-10.03,CCUGCCAAAGG,AAAAGG&CCUGCCU,(..(((&)))...),[],"[4, 5, 6, 7, 9]",[],0,0,1,1,,,CA,,,,,,,,,,G,,,C,,,C,,,A,,,,,,A,,,,,,,,
CACGG_CCUAUC,59,-10.03,CCUAUCCACGG,ACACGG&CCUAUCU,(...((&))....),[],"[5, 6, 7, 9]",[],0,0,1,1,,,CC,,,,,,,,,,,,,U,,,C,,,C,,,,,,C,,,,,,,,
GACGG_CCUACG,60,-10.02,CCUACGGACGG,AGACGG&CCUACGU,(...((&))....),[],"[5, 7, 9]",[],0,0,1,1,,,GG,,,,,,,,,,,,,C,,,,,,G,,,,,,C,,,,,,,,
AAUGG_CCUGUAC,61,-10.0,CCUGACAAUGG,AAAUGG&CCUGUACU,(...((&)).....),['5U'],"[4, 6, 7]",[],1,0,1,1,,,CA,,,,,,,,,,G,,,,U,,C,,,A,,,,,,,,,,,,,,
UACGG_UCUAAG,62,-10.0,UCUAAGUACGG,AUACGG&UCUAAGU,((..((&))...)),[],"[1, 9]",[],0,0,1,1,UG,,,U,,,,,,,,,,,,,,,,,,,,,,,,C,,,,,,,,
CAUGG_CCUACU,63,-9.98,CCUACUCAUGG,ACAUGG&CCUACUU,(...((&))....),[],"[5, 6, 7]",[],0,0,1,1,,,UC,,,,,,,,,,,,,C,,,U,,,C,,,,,,,,,,,,,,
UACGC_GCUAAA,64,-9.95,GCUAAAUACGC,AUACGC&GCUAAAU,((..((&))...)),[],"[1, 6, 9, 11]",[],0,0,1,1,GC,,AU,G,,,,,,,,,,,,,,,A,,,,,,,,,C,,,,,,C,,
CACGG_CCUAAU,65,-9.93,CCUAAUCACGG,ACACGG&CCUAAUU,(...((&))....),[],"[6, 7, 9]",[],0,0,1,1,,,UC,,,,,,,,,,,,,,,,U,,,C,,,,,,C,,,,,,,,
UACGG_GCUAAG,66,-9.91,GCUAAGUACGG,AUACGG&GCUAAGU,((..((&)))..)),[],"[1, 9]",[],0,0,1,1,GG,,,G,,,,,,,,,,,,,,,,,,,,,,,,C,,,,,,,,
AACGG_CCUAAA,67,-9.87,CCUAAAAACGG,AAACGG&CCUAAAU,(...((&))....),[],"[6, 7, 9]",[],0,0,1,1,,,AA,,,,,,,,,,,,,,,,A,,,A,,,,,,C,,,,,,,,
CAUGG_CCUCCC,68,-9.87,CCUCCCCAUGG,ACAUGG&CCUCCCU,(...((&))....),[],"[4, 5, 6, 7]",[],0,0,1,1,,,CC,,,,,,,,,,C,,,C,,,C,,,C,,,,,,,,,,,,,,
UAAGG_CCUAAC,69,-9.85,CCUAACUAAGG,AUAAGG&CCUAACU,(..(((&)))...),[],"[6, 9]",[],0,0,1,1,,,CU,,,,,,,,,,,,,,,,C,,,,,,,,,A,,,,,,,,
CACGG_CCUCCC,70,-9.78,CCUCCCCACGG,ACACGG&CCUCCCU,(...((&))....),[],"[4, 5, 6, 7, 9]",[],0,0,1,1,,,CC,,,,,,,,,,C,,,C,,,C,,,C,,,,,,C,,,,,,,,
CACGG_CCUACG,71,-9.78,CCUACGCACGG,ACACGG&CCUACGU,((..((&))...)),[],"[5, 7, 9]",[],0,0,1,1,,,GC,,,,,,,,,,,,,C,,,,,,C,,,,,,C,,,,,,,,
CACGG_CCUUAC,72,-9.76,CCUUACCACGG,ACACGG&CCUUACU,(...((&))....),[],"[4, 6, 7, 9]",[],0,0,1,1,,,CC,,,,,,,,,,U,,,,,,C,,,C,,,,,,C,,,,,,,,
AAUGG_CCUAAG,73,-9.72,CCUAAGAAUGG,AAAUGG&CCUAAGU,(...((&))....),[],[7],[],0,0,1,1,,,GA,,,,,,,,,,,,,,,,,,,A,,,,,,,,,,,,,,
CACGG_CCUAAG,74,-9.71,CCUAAGCACGG,ACACGG&CCUAAGU,((..((&))...)),[],"[7, 9]",[],0,0,1,1,,,GC,,,,,,,,,,,,,,,,,,,C,,,,,,C,,,,,,,,
CAUGG_CCCUAAC,75,-9.71,CCUAACCAUGG,ACAUGG&CCCUAACU,(...((&)).....),['3C'],"[6, 7]",[],1,0,1,1,,,CC,,,,,,,,C,,,,,,,,C,,,C,,,,,,,,,,,,,,
GAUGG_CCUACAC,76,-9.7,CCUAACGAUGG,AGAUGG&CCUACACU,((..((&))....)),['5C'],"[6, 7]",[],1,0,1,1,,,CG,,,,,,,,,,,,,,C,,C,,,G,,,,,,,,,,,,,,
CACGG_CCUUAA,77,-9.68,CCUUAACACGG,ACACGG&CCUUAAU,(...((&))....),[],"[4, 6, 7, 9]",[],0,0,1,1,,,AC,,,,,,,,,,U,,,,,,A,,,C,,,,,,C,,,,,,,,
UAUGG_CCUCAC,78,-9.64,CCUCACUAUGG,AUAUGG&CCUCACU,(...((&))....),[],"[4, 6]",[],0,0,1,1,,,CU,,,,,,,,,,C,,,,,,C,,,,,,,,,,,,,,,,,
CAUGG_CCUAAU,79,-9.63,CCUAAUCAUGG,ACAUGG&CCUAAUU,(...((&))....),[],"[6, 7]",[],0,0,1,1,,,UC,,,,,,,,,,,,,,,,U,,,C,,,,,,,,,,,,,,
CAUGC_GCUUAA,80,-9.56,GCUUAACAUGC,ACAUGC&GCUUAAU,(...((&))....),[],"[1, 4, 6, 7, 11]",[],0,0,1,1,GC,,AC,G,,,,,,,,,U,,,,,,A,,,C,,,,,,,,,,,,C,,
AACGG_CCUACG,81,-9.55,CCUACGAACGG,AAACGG&CCUACGU,(...((&))....),[],"[5, 7, 9]",[],0,0,1,1,,,GA,,,,,,,,,,,,,C,,,,,,A,,,,,,C,,,,,,,,
AAGGG_CCCUAAC,82,-9.53,CCUAACAAGGG,AAAGGG&CCCUAACU,(.((((&))))...),['3C'],"[6, 7, 9]",[],1,0,1,1,,,CA,,,,,,,,C,,,,,,,,C,,,A,,,,,,G,,,,,,,,
UAGGG_CCUAAC,83,-9.53,CCUAACUAGGG,AUAGGG&CCUAACU,(..(((&)))...),[],"[6, 9]",[],0,0,1,1,,,CU,,,,,,,,,,,,,,,,C,,,,,,,,,G,,,,,,,,
CAUGG_CCUGAA,84,-9.52,CCUGAACAUGG,ACAUGG&CCUGAAU,(...((&))....),[],"[4, 6, 7]",[],0,0,1,1,,,AC,,,,,,,,,,G,,,,,,A,,,C,,,,,,,,,,,,,,
CAUGG_CCUCAA,85,-9.47,CCUCAACAUGG,ACAUGG&CCUCAAU,(...((&))....),[],"[4, 6, 7]",[],0,0,1,1,,,AC,,,,,,,,,,C,,,,,,A,,,C,,,,,,,,,,,,,,
CACGG_CCUAGA,86,-9.45,CCUAGACACGG,ACACGG&CCUAGAU,(...((&))....),[],"[5, 6, 7, 9]",[],0,0,1,1,,,AC,,,,,,,,,,,,,G,,,A,,,C,,,,,,C,,,,,,,,
UAAGG_CCUAAAG,87,-9.41,CCUAAGUAAGG,AUAAGG&CCUAAAGU,((.(((&)))...)),['6A'],[9],[],1,0,1,0,,,,,,,,,,,,,,,,,,,,A,,,,,,,,A,,,,,,,,
GAUGG_CCUCCAC,88,-9.3,CCUCACGAUGG,AGAUGG&CCUCCACU,((..((&))....)),['5C'],"[4, 6, 7]",[],1,0,1,1,,,CG,,,,,,,,,,C,,,,C,,C,,,G,,,,,,,,,,,,,,
UAUGG_CUUAAC,89,-9.3,CUUAACUAUGG,AUAUGG&CUUAACU,(...((&))....),[],"[2, 6]",[],0,0,1,1,,UG,CU,,,,U,,,,,,,,,,,,C,,,,,,,,,,,,,,,,,
CACGG_CCCUAAC,90,-9.24,CCUAACCACGG,ACACGG&CCCUAACU,(...((&)).....),['3C'],"[6, 7, 9]",[],1,0,1,1,,,CC,,,,,,,,C,,,,,,,,C,,,C,,,,,,C,,,,,,,,
CACGG_CCUCAC,91,-9.19,CCUCACCACGG,ACACGG&CCUCACU,(...((&))....),[],"[4, 6, 7, 9]",[],0,0,1,1,,,CC,,,,,,,,,,C,,,,,,C,,,C,,,,,,C,,,,,,,,
AAUGG_CCUACG,92,-9.16,CCUACGAAUGG,AAAUGG&CCUACGU,(...((&))....),[],"[5, 7]",[],0,0,1,1,,,GA,,,,,,,,,,,,,C,,,,,,A,,,,,,,,,,,,,,
GAUGG_CCCUAAG,93,-9.12,CCUAAGGAUGG,AGAUGG&CCCUAAGU,(...((&)).....),['3C'],[7],[],1,0,1,1,,,GG,,,,,,,,C,,,,,,,,,,,G,,,,,,,,,,,,,,
CACGG_CCUAGC,94,-9.09,CCUAGCCACGG,ACACGG&CCUAGCU,(...((&))....),[],"[5, 6, 7, 9]",[],0,0,1,1,,,CC,,,,,,,,,,,,,G,,,C,,,C,,,,,,C,,,,,,,,
ACUGG_CCUGCC,95,-9.06,CCUGCCACUGG,AACUGG&CCUGCCU,(...((&))....),[],"[4, 5, 6, 7, 8]",[],0,0,1,1,,,CA,,,,,,,,,,G,,,C,,,C,,,A,,,C,,,,,,,,,,,
GACGG_CCUAAA,96,-8.91,CCUAAAGACGG,AGACGG&CCUAAAU,(...((&))....),[],"[6, 7, 9]",[],0,0,1,1,,,AG,,,,,,,,,,,,,,,,A,,,G,,,,,,C,,,,,,,,
CAUGC_GCUCAA,97,-8.82,GCUCAACAUGC,ACAUGC&GCUCAAU,(...((&))....),[],"[1, 4, 6, 7, 11]",[],0,0,1,1,GC,,AC,G,,,,,,,,,C,,,,,,A,,,C,,,,,,,,,,,,C,,
CAUGC_GCUGAA,98,-8.81,GCUGAACAUGC,ACAUGC&GCUGAAU,(...((&))....),[],"[1, 4, 6, 7, 11]",[],0,0,1,1,GC,,AC,G,,,,,,,,,G,,,,,,A,,,C,,,,,,,,,,,,C,,
AAUGG_UCUAAG,99,-8.35,UCUAAGAAUGG,AAAUGG&UCUAAGU,(...((&))....),[],"[1, 7]",[],0,0,1,1,UG,,GA,U,,,,,,,,,,,,,,,,,,A,,,,,,,,,,,,,,
